,mean,std
1,0.9850284,0.014000177
2,0.984973,0.01324952
3,0.9844961,0.015130723
5,0.9836823,0.014522101
7,0.98199904,0.01443621
10,0.97998947,0.016196018
13,0.977569,0.016236968
15,0.97469294,0.017766027
20,0.9614086,0.022420326
