,mean,std
1,0.98533285,0.012718525
2,0.98582876,0.012199282
3,0.9846865,0.012515672
5,0.9801385,0.015393502
7,0.9716179,0.022950917
10,0.9468699,0.06644486
13,0.91609114,0.10404495
15,0.88771915,0.119449906
20,0.7546494,0.17592211
