,mean,std
1,0.9854446,0.012491375
2,0.9848886,0.012427031
3,0.9835284,0.014807359
5,0.9803127,0.014144392
7,0.97160244,0.02342563
10,0.9470506,0.0665111
13,0.91356295,0.10887104
15,0.8864245,0.124570176
20,0.7535672,0.1791654
