,mean,std
1,0.98560035,0.01251015
2,0.9844583,0.013273396
3,0.98419034,0.01279773
5,0.9805659,0.01398279
7,0.9723109,0.021958739
10,0.94802773,0.06334775
13,0.9148641,0.10484355
15,0.88328826,0.12327608
20,0.75089085,0.18335351
