,mean,std
1,0.98533493,0.013015827
2,0.985398,0.013059828
3,0.98312056,0.01522814
5,0.9817214,0.014081686
7,0.9741653,0.019005064
10,0.9614217,0.030946614
13,0.94674623,0.038829073
15,0.93051195,0.0452938
20,0.8330318,0.13751078
