,mean,std
1,0.9850215,0.013046673
2,0.9849163,0.012233296
3,0.98428833,0.014152439
5,0.9818767,0.012962498
7,0.9729862,0.019760692
10,0.95334935,0.04479817
13,0.92406976,0.081175655
15,0.8899756,0.11310948
20,0.7518668,0.18067078
