,mean,std
1,0.9878589,0.011112886
2,0.9867236,0.012044782
3,0.9872427,0.011420737
5,0.98539865,0.012521975
7,0.984223,0.012452942
10,0.9799824,0.01477206
13,0.9735527,0.01801577
15,0.96652526,0.021136126
20,0.9171308,0.08769471
