,mean,std
1,0.98545945,0.012108344
2,0.9848684,0.013319153
3,0.9843553,0.013615488
5,0.9825214,0.014722187
7,0.97804785,0.016446654
10,0.96186626,0.033681203
13,0.93735194,0.060967803
15,0.91310644,0.08855636
20,0.811717,0.17485203
