,mean,std
1,0.9874076,0.011753115
2,0.9867351,0.011827243
3,0.9866213,0.011396774
5,0.9855905,0.011998559
7,0.98447025,0.01253398
10,0.980263,0.015156369
13,0.97236496,0.018498095
15,0.9656286,0.020757487
20,0.9149441,0.084910944
