,mean,std
1,0.9875033,0.011453881
2,0.98657,0.012033499
3,0.9867921,0.011438819
5,0.9860015,0.0116685275
7,0.98509204,0.012883399
10,0.9809036,0.016200408
13,0.97560585,0.018861316
15,0.9706012,0.021288559
20,0.9335726,0.07061426
