,mean,std
1,0.9854446,0.012491375
2,0.98488516,0.012404488
3,0.98353493,0.014805207
5,0.9803323,0.014069433
7,0.9716758,0.023229333
10,0.94757164,0.06507681
13,0.915158,0.10594981
15,0.8888471,0.12229436
20,0.75695455,0.17558184
