,mean,std
1,0.9857597,0.011934411
2,0.9850341,0.012675478
3,0.98461574,0.013530504
5,0.9810341,0.014839058
7,0.9740796,0.020219034
10,0.9561533,0.04279995
13,0.9348358,0.05937189
15,0.91404366,0.06931747
20,0.80535406,0.1422771
