,mean,std
1,0.9877274,0.011766662
2,0.98669904,0.01213313
3,0.98637795,0.012333488
5,0.9860317,0.011675092
7,0.9848623,0.0113530075
10,0.980598,0.014970293
13,0.974672,0.019337654
15,0.9693204,0.021913713
20,0.9240167,0.08340366
