,mean,std
1,0.9850284,0.014000177
2,0.98498356,0.013260102
3,0.9845103,0.015090771
5,0.98365825,0.014466743
7,0.9819416,0.014427069
10,0.9799423,0.016132463
13,0.97763526,0.01614997
15,0.97486776,0.017391035
20,0.9613254,0.022231396
