,mean,std
1,0.98767626,0.011366432
2,0.986416,0.0118082175
3,0.9865131,0.011517173
5,0.98543906,0.012064909
7,0.9842378,0.012636292
10,0.9796786,0.015914885
13,0.9735693,0.01768629
15,0.9660666,0.020145398
20,0.9133026,0.085407205
