,mean,std
1,0.9873899,0.011320394
2,0.9868053,0.011218421
3,0.9869534,0.010501314
5,0.98563254,0.011300833
7,0.9842833,0.012685798
10,0.98025316,0.01514756
13,0.9732286,0.017632509
15,0.96633184,0.019703815
20,0.9150576,0.08665323
