,mean,std
0.0001,0.97427976,0.019594353
0.001,0.974414,0.018362502
0.01,0.9730564,0.017687483
0.05,0.97383654,0.015676776
0.1,0.97374535,0.017520385
0.2,0.9737213,0.018292202
0.5,0.97651285,0.018570963
