,mean,std
1,0.9870789,0.012007286
2,0.98658025,0.011639938
3,0.98656166,0.012351618
5,0.98560035,0.012576771
7,0.9841918,0.012622369
10,0.9802455,0.0155463675
13,0.9744722,0.018739466
15,0.968264,0.02074226
20,0.9230398,0.08146324
