,mean,std
0.0001,0.93044144,0.04778887
0.001,0.92513025,0.05354103
0.01,0.89630294,0.106979646
0.05,0.8861964,0.12167573
0.1,0.88402593,0.12543844
0.2,0.88239956,0.12860656
0.5,0.8824086,0.12729104
