,mean,std
1,0.98542416,0.012481122
2,0.9846735,0.01294401
3,0.9844659,0.012515199
5,0.9807492,0.014682419
7,0.97389185,0.019491034
10,0.94909966,0.06065305
13,0.9130622,0.10885604
15,0.8835894,0.12687409
20,0.7506567,0.18449362
