,mean,std
1,0.98833555,0.0088066915
2,0.9871485,0.010254566
3,0.9854537,0.011048342
5,0.9824011,0.009966207
7,0.9700533,0.021160712
10,0.9377351,0.074691646
13,0.89335525,0.13536821
15,0.8621454,0.16213429
20,0.7602756,0.20475645
